Latitude,Longitude,Title
32.5992,-114.5488,César Estrada Chávez
41.3237,-83.4363,Nelson Hale Cruikshank
39.4654,-87.3763,Eugene Victor Debs
40.6943,-73.9249,Thomas Reilly Donahue
41.8373,-87.6862,Arthur Joseph Goldberg
29.4658,-98.5253,Samuel Gompers
40.2618,-81.848,William Green
40.7777,-111.9306,Joe Hill
40.5903,-73.5795,Sidney Hillman
39.0028,-77.0207,Mother Jones
34.2565,-80.6087,Lane Kirkland
41.9902,-92.5803,John L. Lewis
38.8185,-77.0861,Lucy Randolph Mason
40.6943,-73.9249,Peter J. McGuire
40.6943,-73.9249,George Meany
37.7562,-122.443,Philip Murray
42.3188,-71.0846,Frances Perkins
40.2457,-111.6457,Esther Eggertsen Peterson
29.4375,-81.5173,A. Philip Randolph
40.0752,-80.6951,Walter Reuther
39.9601,-75.6058,Bayard Rustin
64.5213,-165.4053,Industrial Workers of the World Local Chapters
31.4126,-109.9179,Industrial Workers of the World Local Chapters
33.4361,-93.996,Industrial Workers of the World Local Chapters
40.7942,-124.1568,Industrial Workers of the World Local Chapters
39.0876,-108.5673,Industrial Workers of the World Local Chapters
41.3112,-72.9246,Industrial Workers of the World Local Chapters
27.9942,-82.4451,Industrial Workers of the World Local Chapters
21.3294,-157.846,Industrial Workers of the World Local Chapters
43.6007,-116.2312,Industrial Workers of the World Local Chapters
41.8373,-87.6862,Industrial Workers of the World Local Chapters
39.6019,-86.1073,Industrial Workers of the World Local Chapters
42.4959,-96.3901,Industrial Workers of the World Local Chapters
37.3834,-94.7443,Industrial Workers of the World Local Chapters
38.1663,-85.6485,Industrial Workers of the World Local Chapters
30.2012,-93.2122,Industrial Workers of the World Local Chapters
39.3051,-76.6144,Industrial Workers of the World Local Chapters
42.3188,-71.0846,Industrial Workers of the World Local Chapters
42.3834,-83.1024,Industrial Workers of the World Local Chapters
44.9477,-93.104,Industrial Workers of the World Local Chapters
37.8211,-90.505,Industrial Workers of the World Local Chapters
45.902,-112.6571,Industrial Workers of the World Local Chapters
41.2627,-96.0522,Industrial Workers of the World Local Chapters
36.9352,-116.7025,Industrial Workers of the World Local Chapters
42.7491,-71.491,Industrial Workers of the World Local Chapters
40.3494,-74.44,Industrial Workers of the World Local Chapters
40.6943,-73.9249,Industrial Workers of the World Local Chapters
48.1131,-98.875,Industrial Workers of the World Local Chapters
39.1413,-84.5061,Industrial Workers of the World Local Chapters
35.4676,-97.5136,Industrial Workers of the World Local Chapters
46.1856,-123.8053,Industrial Workers of the World Local Chapters
40.4018,-79.8688,Industrial Workers of the World Local Chapters
41.8744,-71.3743,Industrial Workers of the World Local Chapters
34.0189,-80.4299,Industrial Workers of the World Local Chapters
45.1544,-98.4983,Industrial Workers of the World Local Chapters
35.1046,-89.9773,Industrial Workers of the World Local Chapters
29.4658,-98.5253,Industrial Workers of the World Local Chapters
40.5177,-111.9635,Industrial Workers of the World Local Chapters
44.1997,-72.5083,Industrial Workers of the World Local Chapters
37.1051,-76.5185,Industrial Workers of the World Local Chapters
47.6671,-117.433,Industrial Workers of the World Local Chapters
43.0642,-87.9673,Industrial Workers of the World Local Chapters
41.1351,-104.79,Industrial Workers of the World Local Chapters
40.6943,-73.9249,Marine Towing and Transportation Employers' Association
47.6211,-122.3244,Boeing Company
42.3188,-71.0846,Boston Gas Company
38.1741,-81.3241,Bituminous Coal Operators Association
38.4592,-82.6449,Bituminous Coal Operators Association
38.4458,-86.7978,Bituminous Coal Operators Association
37.7679,-89.3321,Bituminous Coal Operators Association
34.1139,-118.4068,Douglas Aircraft
37.2915,-77.2985,Allied Signal Corp.
39.7797,-84.1998,Dayton Board of Education
39.1413,-84.5061,University of Cincinnati
37.7903,-122.2165,Kaiser Permanente
38.1133,-122.2358,Vallejo Board of Education
40.6943,-73.9249,"Retail food stores - Shoprite, Pathmark, Grand Union, Foodtown"
40.7245,-74.1725,"Retail food stores - Shoprite, Pathmark, Grand Union, Foodtown"
40.6266,-75.3679,"PPG Industries, Inc."
33.6772,-117.7738,"PPG Industries, Inc."
37.7679,-89.3321,Bituminous Coal Operators Association
38.4458,-86.7978,Bituminous Coal Operators Association
40.4396,-79.9762,Bituminous Coal Operators Association
37.2785,-79.958,Bituminous Coal Operators Association
39.9862,-82.985,Bituminous Coal Operators Association
37.2785,-79.958,Bituminous Coal Operators Association
38.4592,-82.6449,Bituminous Coal Operators Association
36.5028,-79.7412,"Fieldcrest Cannon, Inc."
36.6827,-79.8636,"Fieldcrest Cannon, Inc."
41.8373,-87.6862,Central Illinois Public Service Company
37.9881,-87.5341,"NBC Merchants, Inc."
42.4623,-93.8167,Frigidaire Company
40.6943,-73.9249,"General Contractors of New York, Inc."
40.7245,-74.1725,Sanitation companies
33.5277,-86.7987,Independent Bituminous Coal Bargaining Alliance
46.4862,-87.6658,"Cleveland Cliffs, Inc."
44.9635,-93.2678,"Cleveland Cliffs, Inc."
40.0077,-75.1339,Best Form Foundations
38.6358,-90.2451,Greater St. Louis Automotive Assn.
40.0077,-75.1339,Philadelphia Gas Works
39.0876,-108.5673,"City Markets, Inc."
34.1139,-118.4068,Los Angeles Department of Water and Power
41.0993,-80.6463,Youngstown Public Schools
37.7562,-122.443,Pacific Maritime Association
42.3834,-83.1024,Blue Cross Blue Shield of Michigan
34.1139,-118.4068,Southern California Gas Company
40.7674,-74.0323,Liquor and wine distributors
40.6943,-73.9249,"Dyeing, finishing, and printing companies"
42.3188,-71.0846,Boston Public Schools
40.6943,-73.9249,"Elevator Industries, Inc."
42.1654,-87.8516,"Caterpillar, Inc."
39.7621,-104.8759,"Caterpillar, Inc."
40.2494,-80.211,"Caterpillar, Inc."
32.7811,-97.3473,American Airlines
32.4656,-93.7956,General Motors Corp.
38.2976,-122.3011,Continental Baking Company
33.7627,-84.4224,United Parcel Service
40.1519,-79.8828,Wheeling Pittsburgh Steel Corp.
40.3653,-80.652,Wheeling Pittsburgh Steel Corp.
40.0139,-80.7328,Wheeling Pittsburgh Steel Corp.
39.7797,-84.1998,General Motors Corp.
36.8945,-76.259,Health-Tex Inc.
33.5277,-86.7987,Health-Tex Inc.
34.0704,-84.2739,Health-Tex Inc.
40.4396,-79.9762,Allegheny Ludlum Corp.
39.0158,-94.8076,Trucking Management Inc.
43.2305,-71.5595,Grinnell Fire Protection Systems Company
21.3294,-157.846,Hawaii-State and county government
41.7637,-88.2901,"Caterpillar, Inc."
39.8556,-88.9337,"Caterpillar, Inc."
41.6639,-83.5822,Meijer Inc.
39.9651,-76.7315,"Caterpillar, Inc."
40.752,-89.6153,"Caterpillar, Inc."
40.0077,-75.1339,Conrail
41.2468,-75.8759,Leslie Fay Companies Inc.
40.781,-74.0659,Leslie Fay Companies Inc.
40.6943,-73.9249,Leslie Fay Companies Inc.
42.4934,-83.027,"General Motors Corp., Technical Center"
41.7661,-72.6834,Connecticut Construction Contractors
41.7637,-88.2901,"Caterpillar, Inc."
40.8642,-86.8786,Monon Corp.
40.7328,-73.4465,Long Island Rail Road
42.1654,-87.8516,"Caterpillar, Inc."
42.962,-85.6562,"Caterpillar, Inc."
40.2494,-80.211,"Caterpillar, Inc."
39.7621,-104.8759,"Caterpillar, Inc."
39.8986,-76.6078,General Dynamics
40.741,-84.1121,General Dynamics
42.5809,-83.0305,General Dynamics
34.7114,-86.7626,Dunlop Tire Company
41.0798,-81.5219,Bridgestone/Firestone Inc.
39.7771,-86.1458,Bridgestone/Firestone Inc.
40.4757,-88.9703,Bridgestone/Firestone Inc.
35.4676,-97.5136,Bridgestone/Firestone Inc.
41.5725,-93.6105,Bridgestone/Firestone Inc.
44.9635,-93.2678,Soo Line Railroad
36.3274,-119.6549,Pirelli Armstrong Tire Corp.
41.5725,-93.6105,Pirelli Armstrong Tire Corp.
36.3327,-86.7029,Pirelli Armstrong Tire Corp.
34.1139,-118.4068,Los Angeles Metropolitan Transportation Authority
41.8373,-87.6862,Chicago Automotive Trade Association
45.5372,-122.65,Food Employers Inc.
45.6366,-122.5967,Food Employers Inc.
40.0891,-85.6893,"General Motors Corp., Inland Fisher Guide Plant"
42.2755,-83.7312,Ann Arbor Board of Education
40.7498,-73.7976,Eagle Electric Manufacturing Company
42.8025,-73.9276,"General Electric Corp., Industrial and Power Systems"
42.3972,-83.3733,Livonia Board of Education
44.7874,-89.6839,SNE Corp.
47.3091,-122.3358,Federal Way Board of Education
37.767,-122.2672,Alameda County
41.0467,-83.6379,Philips Display Components Company
43.0235,-83.6922,"General Motors Corp., Buick City facility"
40.6943,-73.9249,Legal Aid Society
36.3367,-82.2369,North American Rayon Company
39.7621,-104.8759,Denver Public Schools
61.1508,-149.1091,Anchorage School District
37.7562,-122.443,San Francisco Newspapers
43.0235,-83.6922,General Motors Corp.
47.6671,-117.433,Kaiser Aluminum and Chemical Corp.
40.0241,-82.4412,Kaiser Aluminum and Chemical Corp.
30.4418,-91.131,Kaiser Aluminum and Chemical Corp.
47.6211,-122.3244,Group Health Cooperative of Puget Sound
40.0077,-75.1339,Southeastern Pennsylvania Transportation Authority
40.464,-86.1277,Chrysler Corp.
42.6493,-83.2878,"General Motors Corp, Pontiac East Truck Plant"
33.7366,-117.8819,Construction industry
37.7562,-122.443,"Retail grocery chains - Safeway, Lucky Stores, Save Mart"
34.1139,-118.4068,"University of California, Los Angeles"
45.5372,-122.65,Oregon State
38.9047,-77.0163,Washington Gas Light Company
34.1139,-118.4068,Pepsi Cola Bottling Company
40.7245,-74.1725,New Jersey Turnpike Authority
42.3834,-83.1024,Detroit Newspapers
42.5098,-94.1751,Chrysler Corp.
47.6211,-122.3244,Pacific Maritime Association
45.5372,-122.65,Pacific Maritime Association
37.7562,-122.443,Pacific Maritime Association
30.3322,-81.6749,CSX Corp.
40.6943,-73.9249,Bell Atlantic Corp.
41.239,-80.8174,"WCI Steel, Inc."
41.823,-71.4187,Providence Public Schools
25.7839,-80.2102,Ryder Systems Inc.
45.5372,-122.65,Oregon Health and Sciences University
41.9665,-91.6782,Amana Refrigeration Inc.
35.4494,-86.7897,Inter City Products
45.5023,-122.4413,Boeing Company
39.1234,-94.7443,Boeing Company
47.6211,-122.3244,Boeing Company
44.9635,-93.2678,Metropolitan Council/Metro Transit
42.4551,-75.0666,Amphenol Corp.
42.1168,-80.0733,General Electric Corp.
42.3834,-83.1024,"Chrysler Corp., McGraw Glass Division"
37.7903,-122.2165,Oakland Unified School District
40.6943,-73.9249,Commercial Building Realty Advisory Board
39.4842,-88.1781,Trailmobile Manufacturing Company
37.7903,-122.2165,Oakland Public Schools
32.8312,-117.1225,San Diego Public Schools
34.1139,-118.4068,Los Angeles and Long Beach Ports
41.3112,-72.9246,Yale University
30.3665,-88.5507,Ingalls Shipbuilding Inc.
37.7903,-122.2165,Oakland Unified School District
42.4934,-83.027,Chrysler Corp.
38.4109,-82.4344,Nursing home industry
39.7797,-84.1998,General Motors Corp.
41.3112,-72.9246,Yale University
35.3493,-94.3695,Beverly Enterprises
39.3051,-76.6144,Maryland Heavy-Highway Contractors Association
41.1684,-80.859,General Motors Corp.
47.0417,-122.8959,Crown Cork and Seal Company
41.2627,-96.0522,Crown Cork and Seal Company
45.5372,-122.65,Crown Cork and Seal Company
42.8724,-112.4646,Crown Cork and Seal Company
39.3051,-76.6144,Crown Cork and Seal Company
43.824,-91.2268,Crown Cork and Seal Company
38.9241,-76.8875,Grocery industry-- Safeway and King Soopers
37.9881,-87.5341,"NBC Merchants, Inc."
42.9726,-88.1291,Northern Illinois Mason Employers Council
37.3645,-121.968,Bay Area cleaning companies
38.6358,-90.2451,McDonnell Douglas Aerospace
33.893,-118.2275,Compton Public Schools
40.6943,-73.9249,League of Voluntary Hospitals
37.8723,-122.276,Contra Costa County Public Schools District
32.8312,-117.1225,National Steel and Shipbuilding Company
33.5277,-86.7987,Pemco Aeroplex Inc.
38.6156,-90.1304,East St. Louis School District
41.4767,-81.6804,Aluminum Company of America
43.6007,-116.2312,Boise Cascade Corp.
40.0752,-80.6951,Wheeling Pittsburgh Steel Corp.
40.0077,-75.1339,Holt Cargo Systems Inc.
40.7777,-111.9306,Kennecott Utah Copper Corp.
39.7771,-86.1458,General Motors Corp.
42.6855,-89.0136,General Motors Corp.
40.7498,-73.7976,Elevator Industry
41.5199,-90.3879,IBP Inc.
38.9241,-76.8875,Giant Food Inc.
39.6983,-84.2459,General Motors Corp.
41.0886,-85.1437,General Motors Corp.
35.4676,-97.5136,General Motors Corp.
42.4934,-83.027,Chrysler Corp.
38.6358,-90.2451,Chrysler Corp.
41.6639,-83.5822,Chrysler Corp.
37.7562,-122.443,Kaiser Permanente
41.0798,-81.5219,Goodyear Tire and Rubber Company
34.0376,-80.9037,Goodyear/Kelly-Springfield Tire Company
42.6493,-83.2878,General Motors Corp.
35.6863,-85.7812,Carrier Air Conditioning Company
41.4767,-81.6804,Construction Employers Association
40.0077,-75.1339,General Building Contractors Association
40.0077,-75.1339,Interior Finish Contractors Association of Delaware Valley
41.239,-80.8174,"General Motors Corp., Delphi Packard Electric Division"
40.7245,-74.1725,Blue Cross Blue Shield of New Jersey
37.7562,-122.443,Kaiser Permanente
42.4934,-83.027,General Motors Corp.
41.9728,-70.9749,Shaw's Supermarkets Inc.
41.7658,-71.4857,Shaw's Supermarkets Inc.
33.7627,-84.4224,United Parcel Service
39.9862,-82.985,State of Ohio
45.5272,-122.9361,Kaiser Permanente
47.4784,-122.1919,Kaiser Permanente
38.6358,-90.2451,Painting and Decorating Contractors Association
37.7562,-122.443,Bay Area Rapid Transit
37.7903,-122.2165,Kaiser Permanente
41.2627,-96.0522,Vickers Inc.
34.1139,-118.4068,Los Angeles County
38.2705,-104.6112,Colorado Fuel and Iron Company
37.3875,-120.7248,Foster Farms Poultry
41.1287,-84.8501,Uniroyal Goodrich Tire Company
37.7903,-122.2165,Kaiser Permanente
37.7903,-122.2165,Kaiser Permanente
44.9635,-93.2678,Honeywell Inc.
38.0423,-84.4587,Trane Company
37.7903,-122.2165,Kaiser Permanente
40.0077,-75.1339,Community College of Philadelphia
42.4959,-96.3901,Construction companies
35.0657,-85.2488,"Wheland Foundry, Division of North American Royalties"
36.1715,-86.7843,Peterbilt Motors Company
41.4699,-90.5827,"Quad City Builders Association, Inc."
42.3834,-83.1024,Associated General Contractors; Great Lakes Fabricators and Erectors Association
40.0077,-75.1339,Southeastern Pennsylvania Transportation Authority
42.578,-83.2456,Michigan Road Builders Association
42.3834,-83.1024,General Motors Corp.
43.9491,-88.0942,Tecumseh Products Company
39.9862,-82.985,Lucent Technologies Inc.
42.0327,-97.4208,BeefAmerica
40.6943,-73.9249,Bell Atlantic Corp.
41.4052,-80.3837,Trinity Industries Inc.
40.0077,-75.1339,Consolidated Rail Company
39.7621,-104.8759,US West Corp.
40.6943,-73.9249,Southern New England Telecommunications Company
41.3112,-72.9246,Northwest Airlines
35.208,-80.8304,Continental General Tire Company
47.6671,-117.433,Kaiser Aluminum Corp.
40.0241,-82.4412,Kaiser Aluminum Corp.
30.4418,-91.131,Kaiser Aluminum Corp.
41.6639,-83.5822,Libbey Inc.
35.3493,-94.3695,Rheem Manufacturing Company
39.1207,-88.5508,Fedders Air Conditioning
38.6358,-90.2451,Anheuser-Busch Inc.
40.6943,-73.9249,American Broadcasting System
34.1879,-118.3235,American Broadcasting System
38.9047,-77.0163,American Broadcasting System
41.8373,-87.6862,American Broadcasting System
40.8501,-73.8662,Albert Einstein College of Medicine
40.7161,-74.0682,Jersey City Public Schools
38.5667,-121.4683,University of California
39.9862,-82.985,ANR Advance Transportation Company
43.0642,-87.9673,ANR Advance Transportation Company
41.8373,-87.6862,ANR Advance Transportation Company
40.6943,-73.9249,ANR Advance Transportation Company
42.962,-85.6562,ANR Advance Transportation Company
39.9862,-82.985,ANR Advance Transportation Company
38.5513,-90.4924,ANR Advance Transportation Company
29.7863,-95.3889,ANR Advance Transportation Company
41.5563,-90.6052,ANR Advance Transportation Company
39.7771,-86.1458,ANR Advance Transportation Company
38.887,-94.687,ANR Advance Transportation Company
38.1663,-85.6485,ANR Advance Transportation Company
36.1715,-86.7843,ANR Advance Transportation Company
41.823,-71.4187,Women and Infants Hospital
61.1508,-149.1091,Anchorage School District
36.5695,-87.342,Trane Company
32.7811,-97.3473,American Airlines
41.823,-71.4187,Women and Infants Hospital
42.2755,-83.7312,University of Michigan
37.1051,-76.5185,Newport News Shipbuilding and Drydock Company
47.2431,-122.4531,State of Washington
44.9635,-93.2678,SMARCA Inc.
30.3665,-88.5507,Ingalls Shipbuilding Inc.
37.3019,-121.8486,Independent Contractors
46.2506,-119.1304,IBP Inc.
39.9862,-82.985,Buckeye Steel Castings Company
35.1046,-89.9773,Overnite Transportation Co.
41.0886,-85.1437,Overnite Transportation Co.
33.7627,-84.4224,Overnite Transportation Co.
39.1234,-94.7443,Overnite Transportation Co.
32.4656,-93.7956,Overnite Transportation Co.
44.9635,-93.2678,Overnite Transportation Co.
39.9862,-82.985,Overnite Transportation Co.
42.2986,-85.2296,Overnite Transportation Co.
26.0594,-80.1637,Overnite Transportation Co.
42.3834,-83.1024,Board of Education of the School District of the City of Detroit
39.3797,-74.4527,Atlantic City Casino Hotels
33.5277,-86.7987,Bruno's Inc.
47.6211,-122.3244,Boeing Company
33.5277,-86.7987,Board of Education of the School District of the School District of the City of Birmingham
37.6896,-97.3442,Boeing Company
45.5023,-122.4413,Boeing Company
39.7621,-104.8759,Kaiser Permanente
43.4674,-70.4512,Interstate Brands Corp.
41.0153,-73.8036,Interstate Brands Corp.
39.9408,-75.276,Interstate Brands Corp.
40.9147,-74.1624,Interstate Brands Corp.
42.5912,-71.8156,Interstate Brands Corp.
41.823,-71.4187,Interstate Brands Corp.
41.1918,-73.1953,Interstate Brands Corp.
42.9848,-71.4447,Interstate Brands Corp.
44.4877,-73.2314,Interstate Brands Corp.
37.1943,-93.2916,Associated Wholesale Grocers
39.1239,-94.5541,Associated Wholesale Grocers
35.4676,-97.5136,Associated Wholesale Grocers
34.1139,-118.4068,Los Angeles janitorial maintenance contractors
32.7811,-97.3473,Lockheed Martin Aeronautics Company
41.8373,-87.6862,Building Owners and Managers Association
41.8373,-87.6862,Cleaning Contractors Association
37.8723,-122.276,University of California
34.7256,-92.3576,Association of National Advertisers; American Association of Advertising Agencies
39.9862,-82.985,Ohio State University
40.6943,-73.9249,Association of Master Painters and Decorators of New York
37.3913,-122.1468,Stanford Hospital and Clinics and Lucile Salter Packard Children's Hospital
37.7983,-89.0305,Maytag Herrin Laundry Products
41.8373,-87.6862,Northern Illinois Ready Mix and Materials Association; Prairie Materials; and Ozinga Brothers
44.8306,-93.3151,Hotel employers
37.7562,-122.443,Hospitals - 10
40.5203,-74.2724,Associated General Contractors and others
41.823,-71.4187,Rhode Island Correctional Facilities
38.895,-121.0778,Northern California Drywall Contractors Association
42.3188,-71.0846,Association of National Advertisers; American Association of Advertising Agencies
41.8373,-87.6862,Association of National Advertisers; American Association of Advertising Agencies
39.9862,-82.985,Association of National Advertisers; American Association of Advertising Agencies
32.7936,-96.7662,Association of National Advertisers; American Association of Advertising Agencies
39.7621,-104.8759,Association of National Advertisers; American Association of Advertising Agencies
36.2333,-115.2654,Association of National Advertisers; American Association of Advertising Agencies
35.1053,-106.6464,Association of National Advertisers; American Association of Advertising Agencies
40.7777,-111.9306,Association of National Advertisers; American Association of Advertising Agencies
42.3834,-83.1024,Association of National Advertisers; American Association of Advertising Agencies
25.7839,-80.2102,Association of National Advertisers; American Association of Advertising Agencies
33.7627,-84.4224,Association of National Advertisers; American Association of Advertising Agencies
21.3294,-157.846,Association of National Advertisers; American Association of Advertising Agencies
44.9635,-93.2678,Association of National Advertisers; American Association of Advertising Agencies
38.6358,-90.2451,Association of National Advertisers; American Association of Advertising Agencies
36.1715,-86.7843,Association of National Advertisers; American Association of Advertising Agencies
35.8325,-78.6435,Association of National Advertisers; American Association of Advertising Agencies
40.0077,-75.1339,Association of National Advertisers; American Association of Advertising Agencies
45.5372,-122.65,Association of National Advertisers; American Association of Advertising Agencies
34.1139,-118.4068,Association of National Advertisers; American Association of Advertising Agencies
47.6211,-122.3244,Association of National Advertisers; American Association of Advertising Agencies
38.9047,-77.0163,Association of National Advertisers; American Association of Advertising Agencies
38.9866,-77.1188,Association of National Advertisers; American Association of Advertising Agencies
37.7562,-122.443,Hospitals - 8
43.6773,-70.2715,Verizon Communications
42.9848,-71.4447,Verizon Communications
44.4622,-73.2203,Verizon Communications
42.2516,-71.0183,Verizon Communications
41.7062,-71.4334,Verizon Communications
40.6943,-73.9249,Verizon Communications
40.7268,-74.5918,Verizon Communications
39.7415,-75.5413,Verizon Communications
40.4074,-79.9097,Verizon Communications
39.3051,-76.6144,Verizon Communications
36.7335,-76.0435,Verizon Communications
39.324,-81.5383,Verizon Communications
38.9047,-77.0163,Verizon Communications
32.498,-87.8298,Earthgrain Company
33.9508,-83.3689,Earthgrain Company
35.6535,-88.8353,Earthgrain Company
38.1663,-85.6485,Earthgrain Company
41.8083,-88.3413,Earthgrain Company
38.014,-103.6284,Earthgrain Company
41.0196,-92.4186,Earthgrain Company
30.4271,-89.0703,Earthgrain Company
32.8176,-97.2707,Earthgrain Company
34.3962,-119.5118,Earthgrain Company
43.0826,-89.3931,Earthgrain Company
42.3494,-71.5468,Raytheon Company
43.9346,-69.8346,Bath Iron Works
42.9016,-78.8487,"Board of Education, City of Buffalo"
42.9016,-78.8487,"Board of Education, City of Buffalo"
34.1139,-118.4068,Los Angeles County Metropolitan Transportation Authority
37.7562,-122.443,Hospitals - 3
38.9047,-77.0163,Washington Hospital Center
40.6943,-73.9249,Building and Realty Institute
39.1413,-84.5061,Kroger Company
38.4109,-82.4344,Kroger Company
34.1139,-118.4068,Los Angeles County
41.823,-71.4187,Rhode Island Hospital
37.7269,-121.4522,Summit Logistics Inc.
37.7562,-122.443,Hospitals - 8
45.5339,-94.1718,Frigidaire Freezer Products
38.884,-90.1073,Olin Corporation
37.3019,-121.8486,Hospitals - 18
39.3051,-76.6144,Baltimore hospitals - 3
38.0423,-84.4587,Trane Company
39.3051,-76.6144,Baltimore hospitals - 3
41.7661,-72.6834,Connecticut nursing homes
39.0346,-95.6955,Comair
37.9881,-87.5341,Mechanical Contractors Association of Southern Indiana and others
39.1637,-86.5257,Mechanical Contractors Association of Southern Indiana and others
21.3294,-157.846,Hawaii Department of Education
21.3294,-157.846,University of Hawaii
37.3019,-121.8486,Hospitals
44.9635,-93.2678,Associated General Contractors and others
41.5725,-93.6105,Des Moines Construction Council
47.6211,-122.3244,Seattle Public Schools District
41.7661,-72.6834,Connecticut nursing homes
44.9635,-93.2678,Associated General Contractors and others
47.6211,-122.3244,Weyerhaeuser Company
44.9231,-123.0246,Weyerhaeuser Company
41.8373,-87.6862,Peoples Gas Company
44.9635,-93.2678,Minnesota Hospital Healthcare Partnership
47.6211,-122.3244,Northwest Wall and Ceiling Contractors Association
41.8373,-87.6862,Midwest Generation Company
37.7562,-122.443,Northern California Painters and Finishing Contractors
37.7903,-122.2165,Painters and Decorators Joint Committee
38.6358,-90.2451,Automobile Dealers Association
42.3188,-71.0846,Sheet Metal Contractors Association
40.5218,-88.9881,Mitsubishi Manufacturing Co.
39.7915,-74.9375,Shop Rite Supermarkets
41.8025,-91.8741,Maytag Company
44.9477,-93.104,State of Minnesota
41.7661,-72.6834,"Pratt and Whitney Division, United Technologies Corp."
45.5372,-122.65,Oregon Health and Sciences University
39.2863,-80.323,Lockheed Martin Corporation
40.7498,-73.7976,Queens bus lines - 3
32.3846,-88.6896,Lockheed Martin Corporation
33.9533,-84.5422,Lockheed Martin Corporation
40.6943,-73.9249,"Group Health, Inc."
40.2806,-76.6458,Hershey Foods Corporation
41.7661,-72.6834,Connecticut Construction Industry Association
44.9635,-93.2678,Twin Cities Roofing Contractors Association
39.7771,-86.1458,Carrier Corporation
40.7498,-73.7976,Queens bus lines - 3
40.6943,-73.9249,Mechanical Contractors Association of New York
41.8373,-87.6862,Cook County
37.7562,-122.443,Delta Dental
37.5295,-77.4756,"Dominion - Dominion Energy, Dominion North Carolina Power, Dominion Virginia Power"
35.4764,-80.6403,"Dominion - Dominion Energy, Dominion North Carolina Power, Dominion Virginia Power"
39.2863,-80.323,"Dominion - Dominion Energy, Dominion North Carolina Power, Dominion Virginia Power"
40.0077,-75.1339,Boeing Company
37.7562,-122.443,Pacific Maritime Association
45.5372,-122.65,Pacific Maritime Association
47.2431,-122.4531,Pacific Maritime Association
42.3188,-71.0846,Maintenance Contractors of New England
41.6206,-88.2252,Plainfield Community Consolidated Schools District
42.4779,-70.9663,General Electric Corporation
45.7891,-108.5524,Billings Board of Education
21.3294,-157.846,Kuakini Medical Center; Queen's Medical Center; St. Francis Medical Center
38.1663,-85.6485,General Electric Corp.
40.0077,-75.1339,General Electric Corp.
40.6943,-73.9249,General Electric Corp.
41.4767,-81.6804,General Electric Corp.
33.6772,-117.7738,General Electric Corp.
41.7661,-72.6834,General Electric Corp.
41.3112,-72.9246,Yale University
40.6943,-73.9249,League of American Theaters and Producers
32.7811,-97.3473,Lockheed Martin Aeronautics Company
28.9454,-95.3601,Dow Chemical Company
47.6211,-122.3244,Associated General Contractors of Washington
37.9765,-121.3109,San Joaquin County
21.3294,-157.846,Oahu Transit Services Inc.
41.3112,-72.9246,Yale University
41.8373,-87.6862,Chicago Area Refuse Haulers Association
38.6358,-90.2451,"Dierbergs, Schnucks, and Shop 'N Save Markets"
32.8312,-117.1225,"Albertsons, Ralphs, and Vons Markets"
37.9844,-81.1277,Kroger Company
39.1413,-84.5061,Kroger Company
38.0017,-84.1907,Kroger Company
34.1139,-118.4068,Los Angeles County Metropolitan Transportation Authority
42.6645,-83.1563,"American Axle and Manufacturing, Inc."
40.7498,-73.7976,"American Axle and Manufacturing, Inc."
44.9635,-93.2678,Metropolitan Council/Metro Transit
38.9047,-77.0163,SBC Communications Inc.
38.8602,-86.4895,Visteon Corporation
40.6943,-73.9249,Home Health Care Agencies
40.6943,-73.9249,City of New York
41.6964,-93.0402,Maytag Corporation
38.6358,-90.2451,Automotive Dealers Association
47.6211,-122.3244,Group Health Cooperative of Puget Sound
36.2333,-115.2654,Las Vegas Convention Center Service Providers
37.7562,-122.443,San Francisco Multi-Employer Group
39.3797,-74.4527,Hotel/Casino Employers
39.6719,-80.8741,Ormet
40.1407,-75.1925,Turnpike Workers
37.7562,-122.443,Sutter Healthcare Hospitals
40.7245,-74.1725,New Jersey Central Power and Light
38.6358,-90.2451,St. John's Mercy Medical Center
33.9533,-84.5422,Lockheed Martin Corporation
33.4361,-93.996,Cooper Tire and Rubber Company
40.6943,-73.9249,Elevator Manufacturers Association of New York - Kane Inc.; Otis Elevator Co.; Schindler Elevator Corp.
41.8373,-87.6862,Plumbing and Mechanical Contractors Association
37.7903,-122.2165,University of California
37.7903,-122.2165,University of California
37.7903,-122.2165,University of California
40.0077,-75.1339,Mechanical Contractors Association
41.4767,-81.6804,Construction Employers Association
42.2039,-71.0022,NSTAR
41.7661,-72.6834,Coca-Cola Bottlers
33.2247,-117.3083,Coca-Cola Bottlers
40.6943,-73.9249,Moving and Storage Companies
40.4396,-79.9762,Mechanical Contractors Association
42.5806,-84.4427,Mid-Michigan Mechanical Contractors Association
34.1139,-118.4068,Los Angeles Hotel Employer's Council
32.1545,-110.8782,"Asarco, Inc."
40.6943,-73.9249,"Allied Building Metals Industries, Inc."
44.8169,-93.1638,Northwest Airlines Corporation
45.5023,-122.4413,Boeing Company
37.6896,-97.3442,Boeing Company
40.0077,-75.1339,Southeastern Pennsylvania Transit Authority
33.696,-118.0025,Boeing Company
28.3933,-80.605,Boeing Company
34.6988,-86.6412,Boeing Company
40.6943,-73.9249,New York City Metropolitan Transit Authority
41.2256,-73.0616,Sikorsky Aircraft Corporation
26.7468,-80.1316,Sikorsky Aircraft Corporation
39.5032,-84.366,AK Steel Corp.
36.9789,-122.0346,Santa Cruz County Government
39.7621,-104.8759,Denver Regional Transit District
44.9635,-93.2678,Greater Metropolitan Automotive Dealers Association of Minnesota
40.0077,-75.1339,General Building Contractors Association
38.6358,-90.2451,Mason Contractors Association and Independent Employers
41.8373,-87.6862,MidAmerica Regional Bargaining Association
41.8373,-87.6862,"Grove Masonry Maintenance, Inc. and Tuckpointing Contractors Association"
37.8121,-121.9698,Contra Costa County
40.6943,-73.9249,"General Contractors Association of Greater New York, NY"
41.5906,-87.3472,Gary School District
34.1139,-118.4068,City of Los Angeles
40.487,-74.445,Robert Wood Johnson University Hospital
42.3834,-83.1024,Detroit School District
38.5667,-121.4683,Sacramento County
37.6896,-97.3442,Bombardier Learjet
33.3754,-86.8064,Goodyear Tire and Rubber Co.
40.9214,-98.3584,Goodyear Tire and Rubber Co.
40.6042,-73.7149,Goodyear Tire and Rubber Co.
35.7158,-79.8129,Goodyear Tire and Rubber Co.
41.0798,-81.5219,Goodyear Tire and Rubber Co.
39.0346,-95.6955,Goodyear Tire and Rubber Co.
36.4268,-89.0474,Goodyear Tire and Rubber Co.
29.4658,-98.5253,Goodyear Tire and Rubber Co.
38.8531,-77.2998,Goodyear Tire and Rubber Co.
43.064,-88.1231,Goodyear Tire and Rubber Co.
29.7863,-95.3889,"ABM Janitorial Services, GCA Services Group, Sanitors Services of Texas, Pritchard Industries Southwest"
32.1545,-110.8782,Raytheon Missile Systems
39.9651,-76.7315,Harley-Davidson Motor Company
30.3665,-88.5507,"Northrop Grumman Ship Systems, Ingalls Shipyard"
40.0077,-75.1339,Community College of Philadelphia
38.9047,-77.0163,National Fire Sprinkler Association
39.8983,-80.1855,Foundation Coal Holdings
37.6328,-122.0772,Hayward School District
46.1461,-122.9629,"Associated Wall and Ceiling Contractors of Oregon and Southwest Washington, Inc."
45.3772,-122.7746,"Associated Wall and Ceiling Contractors of Oregon and Southwest Washington, Inc."
47.6211,-122.3244,National Electrical Contractors of America
33.8038,-117.8218,Orange County Transportation Authority
42.3666,-89.0266,"Harlem Consolidated Schools, District 122"
40.6943,-73.9249,New York City Taxi and Limousine Commission
40.0077,-75.1339,Philadelphia Parking Authority
46.7756,-92.1392,University of Minnesota
42.6855,-89.0136,General Motors Corporation
37.7562,-122.443,San Francisco Bay Area Security Officers
37.7562,-122.443,Sutter Hospitals
40.6943,-73.9249,New York City Taxi and Limousine Commission
39.9297,-83.7957,International Truck and Engine Corporation
39.7771,-86.1458,International Truck and Engine Corporation
41.9029,-87.8642,International Truck and Engine Corporation
33.5496,-84.5914,International Truck and Engine Corporation
40.34,-75.9267,International Truck and Engine Corporation
29.7863,-95.3889,International Truck and Engine Corporation
34.1139,-118.4068,Alliance of Motion Picture and Television Producers
40.6943,-73.9249,Paratransit Operators Coalition
38.5667,-121.4683,Sutter Hospitals
37.0987,-80.6831,Volvo Trucks North America
42.9016,-78.8487,"American Axel and Manufacturing, Inc."
42.3834,-83.1024,"American Axel and Manufacturing, Inc."
37.7562,-122.443,Sutter Hospitals
42.2755,-83.7312,University of Michigan
42.7142,-84.5601,General Motors Corporation
39.1239,-94.5541,General Motors Corporation
37.7562,-122.443,Bay Area Maintenance Contractors
39.7771,-86.1458,Indiana Construction Association
33.4314,-112.6429,Performance Transportation Services
34.0601,-117.4013,Performance Transportation Services
41.8373,-87.6862,Performance Transportation Services
39.1637,-86.5257,Performance Transportation Services
37.1036,-85.3074,Performance Transportation Services
42.5912,-71.8156,Performance Transportation Services
42.3127,-83.2129,Performance Transportation Services
43.7062,-92.5702,Performance Transportation Services
40.9147,-74.1624,Performance Transportation Services
35.6619,-105.9819,Performance Transportation Services
40.7498,-73.7976,Performance Transportation Services
39.6374,-84.6445,Performance Transportation Services
39.9075,-75.2678,Performance Transportation Services
32.7936,-96.7662,Performance Transportation Services
40.7777,-111.9306,Performance Transportation Services
34.1139,-118.4068,University of California
37.6896,-97.3442,"Hawker Beechcraft, Inc."
37.7562,-122.443,Daughters of Charity Health System
47.5951,-122.1535,Bellevue School District
47.6211,-122.3244,The Boeing Company
47.6211,-122.3244,The Boeing Company
37.6896,-97.3442,The Boeing Company
37.7562,-122.443,"Sutter Hospitals, Daughters of Charity and Alliance Clinic"
32.7811,-97.3473,"Bell Helicopter Textron, Inc."
40.6943,-73.9249,Interior Demolition Contractors Association
47.3887,-122.2129,Kent Public School District
40.0077,-75.1339,Southeastern Pennsylvania Transportation Authority
40.1144,-88.2735,University of Illinois
40.0077,-75.1339,Temple University Hospital
40.0077,-75.1339,North Penn School District
39.1357,-121.6381,Capistrano Unified School District
37.7903,-122.2165,Oakland Unified School District
33.7981,-118.1675,The Boeing Company
44.9635,-93.2678,"Allina Health System / United Hospital, Children's Hospitals and Clinics, Fairview Health Services, HealthEast Care System, Mercy Hospital, North Memorial Hospital, Park Nicollete Methodist Hospital"
43.0642,-87.9673,Sheet Metal and Air Conditioning Contractors Association of Milwaukee
41.8373,-87.6862,Mid-America Regional Bargaining Association
40.6943,-73.9249,New York Shipping Association/New Jersey
21.3294,-157.846,Hilton Hotels Hawaiian Village Beach Resort and Spa
33.9381,-117.3948,"HCA Corporation, Riverside Community Hospital and West Hills Hospital and Medical Center"
34.1139,-118.4068,Kaiser Permanente Los Angeles Medical Center
21.3294,-157.846,"Hawaiian Electric, Maui Electric, Hawaii Electric Light Company"
38.9047,-77.0163,Washington Hospital Center
41.8373,-87.6862,National Football League
45.3772,-122.7746,Plumbing and Piping Industry Council Inc. dba Plumbing and Mechanical Contractors Association
40.0077,-75.1339,General Building Contractors Association
39.161,-75.5203,General Building Contractors Association
40.0077,-75.1339,Interior Finish Contractors Association
34.1139,-118.4068,Kaiser Permanente Los Angeles Medical Center
38.6358,-90.2451,Mason Contractors Association
39.1239,-94.5541,Mechanical Contractors Association
43.0642,-87.9673,Plumbing and Mechanical Contractors' Association of Milwaukee
44.8164,-93.6092,American Crystal Sugar Company
43.1487,-93.1998,American Crystal Sugar Company
47.403,-97.0635,American Crystal Sugar Company
42.3188,-71.0846,Verizon Communications
40.1144,-88.2735,Hyatt Hotels
32.8312,-117.1225,Hyatt Hotels
21.903,-159.461,Hyatt Hotels
47.2431,-122.4531,City of Tacoma
33.6772,-117.7738,"Sutter Hospitals, Kaiser Permanente Hospitals, Children's Hospital and Research Center"
37.7562,-122.443,"Sutter Hospitals, Children's Hospital and Research Center"
41.0467,-83.6379,Cooper Tire and Rubber Company
34.1139,-118.4068,"Sutter Hospitals, Memorial Care Hospitals"
37.7562,-122.443,"Sutter Hospitals, Memorial Care Hospitals"
37.7562,-122.443,Kaiser Permanente Hospitals
33.9381,-117.3948,Riverside County Regional Medical Center
42.2597,-89.0641,Rockford School District 205
32.7811,-97.3473,Lockheed Martin Corporation
37.7562,-122.443,Sutter Health Hospitals
36.5922,-121.8807,"AT&T, Inc."
36.2333,-115.2654,"AT&T, Inc."
37.7562,-122.443,Sutter Health Hospitals
40.9466,-73.8674,Consolidated Edison
40.6943,-73.9249,Consolidated Edison
37.767,-122.2672,Sutter Health Hospitals
36.5922,-121.8807,"AT&T, Inc."
41.1035,-73.5583,"AT&T, Inc."
36.2333,-115.2654,"AT&T, Inc."
41.8373,-87.6862,City of Chicago Public School District 299
37.7562,-122.443,Sutter Health Hospitals
39.5729,-119.7157,"Raley's, Nob Hill Stores"
36.9206,-121.7706,"Raley's, Nob Hill Stores"
39.1239,-94.5541,Hostess Brands
37.7562,-122.443,Sutter Health Hospitals and Hospital Corporation of America
34.1139,-118.4068,Pacific Maritime Association
42.1227,-88.2895,Community Unit School District 300
35.149,-86.5634,Goodman Manufacturing Company
37.7562,-122.443,Sutter Health Hospitals and Hospital Corporation of America
40.6943,-73.9249,New York City Public Schools
44.9635,-93.2678,"G4S, Allied Barton, Securitas, Viking Security, ABM Security, and Whelan Security"
40.0077,-75.1339,Sheet Metal Contractors Association of Philadelphia and Vicinity
37.7562,-122.443,"Sutter Health Hospitals, Hospital Corporation of America"
38.5667,-121.4683,University of California Medical Centers
37.7562,-122.443,University of California Medical Centers
34.1139,-118.4068,University of California Medical Centers
33.6772,-117.7738,University of California Medical Centers
32.8312,-117.1225,University of California Medical Centers
37.7562,-122.443,Bay Area Rapid Transit - BART
37.7903,-122.2165,City of Oakland
32.8353,-97.1808,"Bell Helicopter Textron, Inc."
34.1139,-118.4068,"Los Angeles County, CA"
39.3051,-76.6144,"Steamship Trade Association of Baltimore, Maryland Port Administration"
37.7562,-122.443,Bay Area Rapid Transit - BART
41.5189,-88.1499,Will County
34.1139,-118.4068,University of California Medical Centers
37.7562,-122.443,University of California Medical Centers
47.6671,-117.433,"Deaconess Medical Center, Valley Hospital"
34.1139,-118.4068,Los Angeles County
41.8373,-87.6862,University of Illinois at Chicago
39.3051,-76.6144,Johns Hopkins Hospital
31.3428,-85.7154,"Army Fleet Support, LLC"
37.7269,-121.4522,"Queen of the Valley Medical Center, Sutter Tracy Community Hospital, Watsonville, Community Hospital"
33.6391,-97.1488,Zodiac Seats US
42.3697,-87.8716,Waukegan School District 60
43.6773,-70.2715,Fairpoint Communications
42.7491,-71.491,Fairpoint Communications
44.4622,-73.2203,Fairpoint Communications
33.6772,-117.7738,"Kaiser Permanente Hospitals - CA, Sutter Hospitals - CA, Providence Hospital - DC"
38.9047,-77.0163,"Kaiser Permanente Hospitals - CA, Sutter Hospitals - CA, Providence Hospital - DC"
47.2431,-122.4531,"St. Joseph Medical Center, St. Clare Hospital"
37.7562,-122.443,SFO Airport Restaurant Employer Council
38.9047,-77.0163,Medstar Washington Hospital Center
37.7562,-122.443,Kaiser Permanente Hospitals
37.9985,-122.116,Royal Dutch Shell Oil and Other Refineries
41.6731,-87.4843,Royal Dutch Shell Oil and Other Refineries
38.4189,-82.6024,Royal Dutch Shell Oil and Other Refineries
30.0132,-90.8232,Royal Dutch Shell Oil and Other Refineries
40.8075,-81.3677,Royal Dutch Shell Oil and Other Refineries
29.6898,-95.1151,Royal Dutch Shell Oil and Other Refineries
48.4878,-122.6292,Royal Dutch Shell Oil and Other Refineries
47.0417,-122.8959,Washington State Legislature
34.1139,-118.4068,"Sutter Auburn Faith Hospital, Mills-Peninsula Health Services, Sutter Tracy Community Hospital, Sutter Roseville Medical Center, Sutter Santa Rosa Medical Center"
37.7562,-122.443,"Sutter Auburn Faith Hospital, Mills-Peninsula Health Services, Sutter Tracy Community Hospital, Sutter Roseville Medical Center, Sutter Santa Rosa Medical Center"
40.4396,-79.9762,Allegheny Technologies Incorporated
40.8371,-81.2643,Allegheny Technologies Incorporated
39.3036,-80.2477,Allegheny Technologies Incorporated
35.1988,-101.8311,Consolidated Nuclear Security
46.2506,-119.1304,Pasco School District
47.6211,-122.3244,Seattle School District
43.7403,-87.7316,Kohler Company
38.359,-121.968,Solano County Municipal Government
38.359,-121.968,Sonoma County Municipal Government
43.4196,-83.8992,Nexteer Automotive
40.6943,-73.9249,"Port Authority of New York and New Jersey, New York Shipping Association"
40.7245,-74.1725,"Port Authority of New York and New Jersey, New York Shipping Association"
44.9635,-93.2678,Minneapolis-St. Paul Contract Cleaners Association
34.1139,-118.4068,Kaiser Permanente Los Angeles Medical Center
41.8373,-87.6862,City of Chicago Public School District
38.9047,-77.0163,Verizon Communications Inc.
42.3834,-83.1024,Detroit Public Schools
32.8312,-117.1225,AT&T Inc.
44.9635,-93.2678,Allina Health
34.1139,-118.4068,Kaiser Permanente Los Angeles Hospital Center
37.9765,-121.3109,San Joaquin County
38.6358,-90.2451,Painting and Decorating Foundation
44.9635,-93.2678,Allina Health
37.8723,-122.276,Contra Costa County
41.0027,-76.4561,Pennsylvania State System of Higher Education
40.0077,-75.1339,Southeastern Pennsylvania Transportation Authority
37.7562,-122.443,University of California
34.1139,-118.4068,AT&T Inc.
40.6943,-73.9249,Charter Communications Inc.
42.3188,-71.0846,Tufts Medical Center
41.8373,-87.6862,Chicago New Car Dealer Committee
33.9381,-117.3948,Riverside County Municipal Government
37.7903,-122.2165,City of Oakland
38.3484,-81.6323,West Virginia Legislature
37.7785,-79.9868,Frontier Communications
38.3484,-81.6323,Frontier Communications
40.7161,-74.0682,Jersey City School District
38.1924,-84.8643,Kentucky State Legislature
35.4676,-97.5136,Oklahoma State Legislature
33.5722,-112.0891,Arizona State Legislature
39.7621,-104.8759,Colorado State Legislature
37.7562,-122.443,University of California Medical Centers
35.8325,-78.6435,North Carolina State Legislature
41.7918,-88.0888,AT&T Inc.
39.7157,-86.0871,AT&T Inc.
42.3834,-83.1024,AT&T Inc.
41.3138,-81.7452,AT&T Inc.
44.515,-87.9896,AT&T Inc.
42.3889,-71.2423,National Grid
44.4877,-73.2314,University of Vermont Medical Center
41.823,-71.4187,Rhode Island and Hasbro Children's Hospital
47.6211,-122.3244,Association General Contractors of Washington
42.3834,-83.1024,Michigan Infrastructure and Transportation Association
47.2431,-122.4531,Tacoma School District
41.8373,-87.6862,Chicago Downtown Hotels
42.3834,-83.1024,Marriott Corporation
42.3188,-71.0846,Marriott Corporation
21.3294,-157.846,Marriott Corporation
37.7562,-122.443,Marriott Corporation
37.7562,-122.443,University of California Medical Centers
37.7562,-122.443,Kaiser Permanente
34.1139,-118.4068,Los Angeles Unified School District
39.7621,-104.8759,Denver Public Schools
38.3484,-81.6323,West Virginia Legislature
37.7903,-122.2165,Oakland Unified School District
42.1168,-80.0733,Wabtec Corp.
38.1924,-84.8643,Kentucky State Legislature
41.8373,-87.6862,University of Illinois at Chicago
34.1139,-118.4068,University of California Medical Centers
33.6772,-117.7738,University of California Medical Centers
32.8312,-117.1225,University of California Medical Centers
38.5552,-121.7365,University of California Medical Centers
37.7562,-122.443,University of California Medical Centers
38.5667,-121.4683,Sacramento City Unified School District
42.3908,-71.1013,Stop & Shop Supermarket Co.
41.823,-71.4187,Stop & Shop Supermarket Co.
41.1918,-73.1953,Stop & Shop Supermarket Co.
35.8325,-78.6435,North Carolina State Legislature
34.0376,-80.9037,South Carolina State Legislature
41.6639,-83.5822,Mercy Health St. Vincent Medical Center
44.9231,-123.0246,Oregon State Legislature
33.5277,-86.7987,AT&T Inc.
25.8646,-80.3516,AT&T Inc.
33.7627,-84.4224,AT&T Inc.
36.8386,-87.4776,AT&T Inc.
30.2084,-92.0323,AT&T Inc.
30.4082,-88.7861,AT&T Inc.
36.0758,-79.4686,AT&T Inc.
34.0376,-80.9037,AT&T Inc.
35.9692,-83.9496,AT&T Inc.
46.1978,-119.1732,Kennewick School District
42.3834,-83.1024,General Motors
26.3752,-80.108,Tenet Healthcare
32.1545,-110.8782,Tenet Healthcare
33.8017,-116.5382,Tenet Healthcare
41.8373,-87.6862,University of Chicago Nurses
30.3322,-81.6749,Mack Trucks
39.6401,-77.7217,Mack Trucks
40.4396,-79.9762,Mack Trucks
35.1988,-101.8311,Asarco
33.5722,-112.0891,Asarco
41.8373,-87.6862,Chicago Public Schools
42.3188,-71.0846,Harvard University
34.1139,-118.4068,Kaiser Permanente
47.6211,-122.3244,Swedish Medical Centers
37.9765,-121.3109,San Joaquin County
44.9477,-93.104,St. Paul Public Schools
43.9346,-69.8346,Bath Iron Works
42.2755,-83.7312,University of Michigan
41.8373,-87.6862,University of Illinois
37.7562,-122.443,Alameda Health System (AHS)
41.8373,-87.6862,Cook County
38.9047,-77.0163,AFL-CIO Headquarters
41.6758,-72.7862,AFSCME Roll of Honor
40.4396,-79.9762,Allegheny Arsenal Explosion Monument
41.8373,-87.6862,American Factory Worker Sculptures
40.4396,-79.9762,American Federation of Labor Founding State Historical Marker
38.9047,-77.0163,American Federation of Labor Headquarters
41.8373,-87.6862,American Federation of Teachers Office
34.1139,-118.4068,American Merchant Marine Veterans Memorial
38.6358,-90.2451,American Merchant Seamen Memorial
40.3258,-78.9193,America’s Industrial Heritage Project
38.9047,-77.0163,Amtrak Workers Memorial
40.4396,-79.9762,"Anderson, Colonel James, Monument"
40.8167,-76.2004,Anthracite Miners Memorial
41.2468,-75.8759,Anthracite Boys Bust
38.9047,-77.0163,Arsenal Monument
41.6639,-83.5822,Auto-Lite Workers’ Memorial
39.8248,-75.7819,Avondale Mine Disaster Historical Marker (Avondale)
41.4044,-75.6649,Avondale Mine Disaster Historical Marker (Scranton)
37.9364,-107.8269,"Barthell, John, Monument"
37.7562,-122.443,Baton Rouge Victory Memorial
39.6572,-74.7678,Batsto Village
37.8509,-81.9857,Battle of Blair Mountain Historic Site
37.626,-82.17,Battle of Matewan Historic Sity
37.2043,-77.3913,"Battle of the Crater, site"
42.3127,-83.2129,Battle of the Overpass Historical Marker
43.0642,-87.9673,Bay View Martyrs Historical Marker
37.6651,-80.8828,Big Bend Tunnel Historical Marker
39.5058,-89.7711,"Bilyeu, George Franklin, Monument"
33.5277,-86.7987,Birmingham Civil Rights Institute
40.6943,-73.9249,Black Worker Sculpture
40.4757,-88.9703,Bloomington Workers’ Memorial
38.325,-123.0308,Bodega Bay Fisherman’s Memorial
38.2562,-119.2123,Bodie Union Hall
42.6389,-71.3217,Boott Cotton Mills Museum
40.4074,-79.9097,Bost Building Historical Marker
40.9363,-74.1887,"Botto, Pietro, House"
31.4126,-109.9179,"Brew, James, gravesite"
37.7562,-122.443,"Bridges, Harry, Bust"
42.2617,-84.9597,Brotherhood of Locomotive Engineers Monument
45.902,-112.6571,Butte-Anaconda Historical Park System Master Plan
39.3797,-74.4527,CIO Founding Historical Marker
40.2643,-80.1868,Canonsburg Honor Roll Tablet
39.604,-110.8004,Carbon County Coal Miners Statue
37.7562,-122.443,Cesar Chavez Elementary School Mural
37.603,-122.0187,"Chavez, Cesar, Bust"
41.428,-89.2132,Cherry Mine Disaster Monument
38.895,-121.0778,Chinese Railroad Worker Statue
39.5729,-119.7157,Chinese in Nevada State Historical Marker
37.7562,-122.443,Chipper Sculpture
41.8683,-87.8157,Cigar Makers Union Monument
41.4767,-81.6804,Cleveland Labor History Museum & Resource Center
39.771,-89.6538,"Coal Miner, The"
44.7962,-106.9643,Coal Miners Memorial
41.8698,-106.5596,Coal Miners Monument–2.1
39.4768,-80.1491,Coal Miner’s Memorial
37.7562,-122.443,Coit Tower Murals
39.9949,-105.0997,Columbine Massacre Historical Marker
40.4396,-79.9762,"Congress of Industrial Organizations Founding, State Historical Marker"
42.7354,-73.6751,"Connolly, James, Memorial"
44.1997,-72.5083,"Corti, Elia, Gravesite"
40.0868,-79.7528,Darr Mine Disaster State Historical Marker
39.4654,-87.3763,"Debs, Eugene V., Home"
37.7903,-122.2165,"Dellums, Cottrell, Lawrence, Monument"
41.2696,-88.2235,Diamond Mine Disaster Marker
46.497,-87.5968,Ely Township Centennial Memorial
42.1168,-80.0733,Erie County Labor Monument
46.7226,-122.9696,"Everest, Wesley, Gravesite"
45.2592,-111.3426,Fire Fighter Memorial #2.-8.1 & Post Point
44.4915,-84.5914,Firefighters of Michigan Monument
42.626,-70.6897,Fisherman’s Memorial
41.4803,-71.3205,Fisherman’s Memorial State Park
40.4757,-88.9703,Flag Pole Memorial to Wartime Workers
43.0235,-83.6922,Flint Sitdown Strike Historical Marker
42.3127,-83.2129,Ford Hunger March
33.5277,-86.7987,Fourth Avenue Business District
37.7562,-122.443,"Furuseth, Andrew, Memorial"
38.9047,-77.0163,"Furuseth, Andrew, Memorial Bust"
37.7562,-122.443,Garcia & Maggini Warehouse
40.6943,-73.9249,Garment Worker Statue
38.9047,-77.0163,"Gompers, Samuel, House"
38.9047,-77.0163,"Gompers, Samuel, Memorial (DC)"
29.4658,-98.5253,"Gompers, Samuel, Memorial (TX)"
41.8373,-87.6862,"Haley, Margaret A., Plaque"
42.7732,-73.7077,Harmony Mills
39.1512,-119.7474,"Haslam, Bob, Pony Express Memorial"
37.626,-82.17,"Hatfield, Sid, Monument"
41.8683,-87.8157,Haymarket Martyrs’ Monument
37.5905,-80.5419,"Henry, John, Monument"
40.4074,-79.9097,Homestead Historical Marker
40.3937,-79.9004,Homestead Strikers’ Gravesites
40.7777,-111.9306,"Horton, Roy, Headstone"
41.0798,-81.5219,ICWU/URW Worker Memorial
37.7562,-122.443,ILWU Monument
39.771,-89.6538,Illinois Workers’ Memorial
40.4757,-88.9703,Irish Rail Workers’ Monument
40.752,-89.6153,Ironworkers Memorial
47.2478,-88.4535,Italian Hall
44.1997,-72.5083,Italian-American Stonecutters Monument
39.2745,-77.8632,Jefferson County Jail
40.3258,-78.9193,Johnstown Corporation Plaque
39.0017,-76.9649,"Jones, Mary Harris “Mother,” Historical Marker"
39.0726,-89.7277,"Jones, Mary Harris “Mother” and Miners’ Monument"
38.2082,-81.3868,"Jones, Mary Harris “Mother”, Prison Site"
33.5277,-86.7987,"Jones, Walter, Memorial"
39.1239,-94.5541,Kansas City Labor History Tour
40.7922,-76.283,"Kehoe, Jack, Hibernian House"
41.8744,-71.3743,"Kelby, Alexander, Grave Marker"
38.9047,-77.0163,Labor Hall of Fame
40.8331,-75.8848,Lattimer Massacre Memorial & Historical Marker
38.8185,-77.0861,"Lewis, John L., Home"
39.771,-89.6538,"Lewis, John Llewellyn, Gravesite"
33.7981,-118.1675,Liberty Hill Monument
45.902,-112.6571,"Little, Frank, Gravesite"
42.7003,-71.1626,"Lopizzo, Anna, Grave Marker"
37.175,-104.4908,Ludlow Massacre Monument
37.7562,-122.443,"Lundeberg, Harry, Memorial"
38.9034,-90.1523,Madison County Worker’s Memorial
40.6943,-73.9249,Make-Up Man
37.7562,-122.443,Marine Firemen Bas-Relief
39.9357,-80.0751,Mather Mine Disaster Monument
39.9362,-75.1073,"McGuire, Peter, Memorial"
40.3244,-79.8589,McIntyre Mine Disaster Monument
37.7562,-122.443,Mechanics Monument
35.1046,-89.9773,Memphis Strike of 1968 Monument
37.7562,-122.443,Merchant Seamen Plaque
42.3834,-83.1024,Michigan Labor Legacy Landmark
44.2679,-83.5244,Michigan Lumberman’s Memorial
39.638,-79.9468,"Miley, J. Frank, Gravesite"
46.497,-87.5968,Miners’ Mound
38.7087,-105.142,"Miners’ Union Hall, WFM Local #32"
39.3076,-119.6483,Miner’s Union Hall
41.4044,-75.6649,"Mitchell, John, Monument"
42.7354,-73.6751,"Mullaney, Kate, House"
42.7354,-73.6751,"Mullaney, Kate, Memorial"
39.7621,-104.8759,"Murphy, John, Memorial"
40.2643,-80.1868,"Murray, Philip, Bridge"
39.7026,-78.8425,Museum in the Park
43.0642,-87.9673,National Association of Letter Carriers Centennial Monument
39.0817,-94.8776,National Farmer’s Memorial
38.9047,-77.0163,National Law Enforcement Officers Memorial
39.1512,-119.7474,Nevada Law Enforcement Officers Memorial
40.0077,-75.1339,New Century Guild Building
32.3473,-86.2666,"Nixon, E.D., Home"
42.3834,-83.1024,Old Fireman’s Hall
44.1997,-72.5083,Old Labor Hall
39.7621,-104.8759,"Pettibone, George, Monument"
61.0963,-146.2596,Pipeline Workers Monument
40.6943,-73.9249,Players Club
29.6583,-95.1499,Poultry Worker’s Memorial
38.9047,-77.0163,"Powderly, Terence V., Gravesite"
38.9047,-77.0163,"Powderly, Terence, Home"
39.6506,-78.9269,Prospect V-III Mining Memorial
40.0077,-75.1339,"Quinn, Richard F., Monument"
40.4396,-79.9762,Railroad Strike of 1877 State Historical Marker
40.4757,-88.9703,Railroad Workers’ Monument
38.9047,-77.0163,"Randolph, A. Philip, Memorial"
42.3188,-71.0846,"Randolph, A. Philip, Memorial"
45.3589,-84.2274,Reuther Memorial
37.7562,-122.443,Rincon Annex Post Office Murals
41.4699,-90.5827,Rock Island Worker’s Memorial
37.9477,-122.339,Rosie the Riveter Memorial
42.3188,-71.0846,Sacco and Vanzetti Memorial
38.6358,-90.2451,"Sellers, Capt. Isaiah, Grave Marker"
40.5789,-79.7653,"Sellins, Fannie and Starzeleski, Joseph, Monument"
40.5789,-79.7653,"Sellins, Fannie, Historical Marker"
46.7226,-122.9696,Sentinel
38.9047,-77.0163,Service Employees International Union Bas-Relief
37.7562,-122.443,Skygate
38.2501,-89.7746,Southern Illinois Coal Miners Memorial
45.902,-112.6571,Speculator Mine Monument
37.7903,-122.2165,"St. John, Vincent, Memorial"
41.8683,-87.8157,"Strasser, Adolph, Gravesite"
38.9047,-77.0163,"Sturdivant, John, Bust"
40.622,-79.1552,"Sylvis, William H., Historical Marker"
39.9408,-75.276,"Sylvis, William, Monument"
44.0716,-103.2204,TOTH Mining Memorial
33.7627,-84.4224,"Talbot, Tom, Statue"
42.2617,-84.9597,"Thompson, J.C., Home & Historical Marker"
40.6943,-73.9249,Triangle Fire Ladder Plaque
40.6943,-73.9249,Triangle Fire Plaque (cemetery)
40.6943,-73.9249,Triangle Fire Plaque (factory site)
39.1512,-119.7474,Tribute to Nevada Miners Statue
42.2237,-83.366,UAW West Side Local 174 WPA Mural
38.9047,-77.0163,"United Mine Workers of America International Headquarters, 1937-99"
39.195,-106.8369,"Waite, Governor Davis H., Monument"
38.9047,-77.0163,Washington National Cathedral’s Labor Windows
38.3484,-81.6323,West Virginia Workers’ Memorial
41.5725,-93.6105,"White, John P., Gravesite"
39.2308,-111.0591,Wilberg Coal Mine Disaster Memorial
42.6389,-71.3217,Worker Statue
40.34,-75.9267,Workers Memorial Tower
43.0642,-87.9673,Workers Walkway
42.3834,-83.1024,“Detroit Industry” Frescoes
38.8185,-77.0861,“Generations” Sculpture
39.3051,-76.6144,“Sun” Boys’ Memorial
38.9047,-77.0163,“The History of Labor in America” Murals
38.9047,-77.0163,“The Meaning of Social Security” Mural
57.2401,-135.3153,“The Prospector” Statue
38.5676,-92.1759,“The Social History of the State of Missouri” Mural
42.6389,-71.3217,AFL-CIO Events
42.6389,-71.3217,AFL-CIO Events
41.8373,-87.6862,AFL-CIO Events
42.3188,-71.0846,AFL-CIO Events
40.6943,-73.9249,AFL-CIO Events
40.6943,-73.9249,AFL-CIO Events
42.7003,-71.1626,AFL-CIO Events
42.3188,-71.0846,AFL-CIO Events
38.9047,-77.0163,AFL-CIO Events
41.8373,-87.6862,AFL-CIO Events
38.9047,-77.0163,AFL-CIO Events
41.2468,-75.8759,AFL-CIO Events
40.4688,-80.063,AFL-CIO Events
38.9047,-77.0163,AFL-CIO Events
38.9047,-77.0163,AFL-CIO Events
38.9047,-77.0163,AFL-CIO Events
38.9047,-77.0163,AFL-CIO Events
41.8373,-87.6862,AFL-CIO Events
37.7562,-122.443,AFL-CIO Events
37.2692,-76.7076,AFL-CIO Events
37.5295,-77.4756,AFL-CIO Events
38.9047,-77.0163,AFL-CIO Events
38.9047,-77.0163,AFL-CIO Events
38.9047,-77.0163,AFL-CIO Events
38.9047,-77.0163,AFL-CIO Events
38.9047,-77.0163,AFL-CIO Events
38.9047,-77.0163,AFL-CIO Events
35.233,-118.6103,AFL-CIO Events
35.1046,-89.9773,AFL-CIO Events
41.8373,-87.6862,AFL-CIO Events
38.9047,-77.0163,AFL-CIO Events
38.9047,-77.0163,AFL-CIO Events
37.2692,-76.7076,AFL-CIO Events
40.6943,-73.9249,AFL-CIO Events
40.0077,-75.1339,AFL-CIO Events
40.0077,-75.1339,AFL-CIO Events
43.2305,-71.5595,AFL-CIO Events
42.4779,-70.9663,AFL-CIO Events
40.0428,-86.8975,AFL-CIO Events
38.6358,-90.2451,AFL-CIO Events
32.7811,-97.3473,AFL-CIO Events
39.1239,-94.5541,AFL-CIO Events
39.1234,-94.7443,AFL-CIO Events
34.7256,-92.3576,AFL-CIO Events
41.8373,-87.6862,AFL-CIO Events
40.6943,-73.9249,AFL-CIO Events
40.4074,-79.9097,AFL-CIO Events
30.0687,-89.9288,AFL-CIO Events
41.8373,-87.6862,AFL-CIO Events
40.0077,-75.1339,AFL-CIO Events
37.175,-104.4908,AFL-CIO Events
47.6211,-122.3244,AFL-CIO Events
42.3188,-71.0846,AFL-CIO Events
43.0235,-83.6922,AFL-CIO Events
39.6285,-106.9334,AFL-CIO Events
42.3834,-83.1024,AFL-CIO Events
40.0421,-76.3012,AFL-CIO Events
41.1035,-73.5583,AFL-CIO Events
43.168,-77.6162,AFL-CIO Events
37.7903,-122.2165,AFL-CIO Events
38.9047,-77.0163,AFL-CIO Events
38.9047,-77.0163,AFL-CIO Events
41.3274,-75.7885,AFL-CIO Events
38.9047,-77.0163,AFL-CIO Events
25.7839,-80.2102,AFL-CIO Events
38.9047,-77.0163,AFL-CIO Events
41.3237,-83.4363,AFL-CIO Events
38.9047,-77.0163,AFL-CIO Events
42.3188,-71.0846,AFL-CIO Events
42.3188,-71.0846,AFL-CIO Events
42.3188,-71.0846,AFL-CIO Events
40.0077,-75.1339,AFL-CIO Events
38.9047,-77.0163,AFL-CIO Events
42.3188,-71.0846,AFL-CIO Events
38.9047,-77.0163,AFL-CIO Events
41.4044,-75.6649,AFL-CIO Events
38.9047,-77.0163,AFL-CIO Events
38.9047,-77.0163,AFL-CIO Events
38.9047,-77.0163,AFL-CIO Events
38.9047,-77.0163,AFL-CIO Events
38.9047,-77.0163,AFL-CIO Events
38.9047,-77.0163,AFL-CIO Events
38.9047,-77.0163,AFL-CIO Events
38.9047,-77.0163,AFL-CIO Events
38.9047,-77.0163,AFL-CIO Events
38.9047,-77.0163,AFL-CIO Events
38.9047,-77.0163,AFL-CIO Events
38.9047,-77.0163,AFL-CIO Events
38.9047,-77.0163,AFL-CIO Events
38.9047,-77.0163,AFL-CIO Events
40.0077,-75.1339,AFL-CIO Events
39.3051,-76.6144,AFL-CIO Events
41.4767,-81.6804,AFL-CIO Events
40.6943,-73.9249,AFL-CIO Events
39.9862,-82.985,AFL-CIO Events
42.3188,-71.0846,AFL-CIO Events
41.8373,-87.6862,AFL-CIO Events
38.9047,-77.0163,AFL-CIO Events
40.4396,-79.9762,AFL-CIO Events
46.9192,-104.008,AFL-CIO Events
40.4396,-79.9762,AFL-CIO Events
38.9047,-77.0163,AFL-CIO Events
38.9047,-77.0163,AFL-CIO Events
38.9047,-77.0163,AFL-CIO Events
38.9047,-77.0163,AFL-CIO Events
38.9047,-77.0163,AFL-CIO Events
38.6358,-90.2451,AFL-CIO Events
38.9047,-77.0163,AFL-CIO Events
43.0235,-83.6922,Rosie the Riveter Statue 